size,time
1000000,11.389385
2000000,23.271031
3000000,35.440489
4000000,47.838461
5000000,59.734297
6000000,71.591217
7000000,80.52224
8000000,83.627265
9000000,89.242865
10000000,93.341969
