size,time
1000000,0.894544
2000000,1.818548
3000000,2.789779
4000000,3.799356
5000000,4.836014
6000000,5.815502
7000000,6.751601
8000000,7.786056
9000000,8.693748
10000000,9.71465
