size,time
1000000,0.548838
2000000,1.099223
3000000,1.654993
4000000,2.217717
5000000,2.75454
6000000,3.315436
7000000,3.928949
8000000,4.514681
9000000,5.125207
10000000,5.731932
