size,time
1000000,0.435915
2000000,0.869235
3000000,1.333962
4000000,1.815413
5000000,2.311289
6000000,2.818405
7000000,3.288451
8000000,3.745977
9000000,4.205119
10000000,4.675688
