size,time
1000000,0.278298
2000000,0.518032
3000000,0.777459
4000000,1.050326
5000000,1.344375
6000000,1.635043
7000000,1.952767
8000000,2.199765
9000000,2.494072
10000000,2.77062
